,name,year,month,uri,rank,listUri,finalWorth,category,otherCompensation,person,visible,personName,country,city,source,industries,countryOfCitizenship,timestamp,version,naturalId,position,imageExists,selfMade,status,gender,lastName,firstName,listDescription,date,wealthList,familyList,thumbnail,squareImage,bioSuppress,csfDisplayFields,suppressOnProfiles,bios,abouts,parentListUri,premiumProfile,age,birthDate,numberOfSiblings,numberOfSiblingsEst,embargo
0,Thailand's 50 Richest,2020,4,chearavanont-brothers,1,thailand-billionaires,27300.0,Food & Beverage,0,"{'name': 'Chearavanont Brothers', 'uri': 'chearavanont-brothers', 'imageExists': False, 'squareImage': 'https://specials-images.forbesimg.com/imageserve/60d9ecb94bb9397d72570f06/416x416.jpg?background=000000&cropX1=71&cropX2=1912&cropY1=0&cropY2=1841'}",True,Chearavanont Brothers,Thailand,Bangkok,food,['Food & Beverage'],Thailand,1625703503561,25,faris/17/2020/9024,1,False,False,D,M,Brothers,Chearavanont,Thailand's 50 Richest,1585699200000,False,False,http://specials-images.forbesimg.com/imageserve/60d9ecb94bb9397d72570f06/280x425.jpg?fit=scale&background=000000,https://specials-images.forbesimg.com/imageserve/60d9ecb94bb9397d72570f06/416x416.jpg?background=000000&cropX1=71&cropX2=1912&cropY1=0&cropY2=1841,False,"['rank', 'finalWorth', 'personName', 'bios', 'bio']",False,"[""Four siblings draw their wealth from Charoen Pokphand Group, one of the world's largest producers of animal feed and livestock."", 'Their father Chia Ek Chor, along with his brother Choncharoen Chiaravanont, opened a shop selling seeds imported from China to Thai farmers in 1921. ', ""Dhanin Chearavanont, the youngest (pictured above), was CP's chairman and CEO for 48 years until he stepped down in 2017 but remains senior chairman."", ""Dhanin's eldest son, Soopakij, and the youngest, Suphachai, are CP's chairman and CEO, respectively."", ""In March 2020, CP Group made a successful $10.6 billion bid to acquire Tesco's operations in Thailand and Malaysia. ""]","[""Following the COVID-19 pandemic, the group has invested $3 million in a factory to produce 3 million face masks per month. It's also providing food to 40 hospitals."", ""Dhanin's daughter,Thippaporn, runs real estate firm Magnolia Quality Development.\r\n"", 'The group has donated $29 million to various initiatives to tackle the Covid-19 pandemic in Thailand.']",thailand-billionaires,False,,,,,
1,Thailand's 50 Richest,2020,4,chalerm-yoovidhya,2,thailand-billionaires,20200.0,Food and Beverage,0,"{'name': 'Chalerm Yoovidhya & family', 'uri': 'chalerm-yoovidhya', 'imageExists': True, 'squareImage': '//specials-images.forbesimg.com/imageserve/5e78217ec7b02d000666e45b/416x416.jpg?background=000000&cropX1=39&cropX2=1609&cropY1=156&cropY2=1726'}",True,Chalerm Yoovidhya & family,Thailand,Bangkok,energy drinks,['Food and Beverage'],Thailand,1625687910699,2,faris/17/2020/7986,2,True,False,U,M,Yoovidhya,Chalerm,Thailand's 50 Richest,1585699200000,False,False,http://specials-images.forbesimg.com/imageserve/5e78217ec7b02d000666e45b/280x425.jpg?fit=scale&background=000000,//specials-images.forbesimg.com/imageserve/5e78217ec7b02d000666e45b/416x416.jpg?background=000000&cropX1=39&cropX2=1609&cropY1=156&cropY2=1726,False,"['rank', 'finalWorth', 'personName', 'bios', 'bio']",False,"['Chalerm Yoovidhya heads a sprawling clan that co-owns Red Bull, the iconic energy drink, which sold 7.5 billion cans across 171 countries in 2019. ', ""The family's stake includes a small stake owned personally by Chalerm, eldest son of Red Bull cofounder, the late Chaleo. "", 'Red Bull Thailand is embroiled in a trademark fight with Red Bull in China.', 'Chalerm also owns a vineyard called Siam Winery, which he founded in 1986.']","[""Chalerm's son Vorayuth, who faces an arrest warrant for his alleged involvement in a fatal hit-and-run case going back to 2012, is a fugitive."", ""Chalerm has reportedly commissioned a chalet in Japan's Mount Niseko Annupuri, a popular ski resort area.""]",thailand-billionaires,False,69.0,-609984000000.0,,,
2,Thailand's 50 Richest,2020,4,charoen-sirivadhanabhakdi,3,thailand-billionaires,10500.0,Food and Beverage,0,"{'name': 'Charoen Sirivadhanabhakdi', 'uri': 'charoen-sirivadhanabhakdi', 'imageExists': True, 'squareImage': 'https://specials-images.forbesimg.com/imageserve/60d9ed504bb9397d72570f0a/416x416.jpg?background=000000&cropX1=0&cropX2=600&cropY1=0&cropY2=600'}",True,Charoen Sirivadhanabhakdi,Thailand,Bangkok,"alcohol, real estate",['Food and Beverage'],Thailand,1587679281214,42,faris/17/2020/4744,3,True,True,D,M,Sirivadhanabhakdi,Charoen,Thailand's 50 Richest,1585782000000,False,False,http://specials-images.forbesimg.com/imageserve/60d9ed504bb9397d72570f0a/280x425.jpg?fit=scale&background=000000,https://specials-images.forbesimg.com/imageserve/60d9ed504bb9397d72570f0a/416x416.jpg?background=000000&cropX1=0&cropX2=600&cropY1=0&cropY2=600,False,"['rank', 'finalWorth', 'personName', 'bios', 'bio']",False,"[""Son of a Bangkok street vendor, Charoen Sirivadhanabhakdi controls Thai Beverage, Thailand's largest brewer, known for its Chang beer."", 'Other big assets include Singapore beverage and property giant Fraser & Neave.', ""Charoen's retail empire includes hypermarket chain Big C Supercenter, acquired in 2016 for more than $6 billion.\r\n"", 'Charoen listed his privately-held property unit, Asset World Corp, in October 2019 but continues to hold a majority stake.']","[""Charoen's son Panote, who looks after the property interests, is overseeing One Bangkok, a $3.5 billion mixed-use development in the heart of Bangkok."", 'Charoen took Thai Bev public in Singapore in 2006 after attempts to list in Thailand were derailed by protests against the promotion of alcohol. ']",,False,75.0,-810000000000.0,,,
3,Thailand's 50 Richest,2020,4,chirathivat-family,4,thailand-billionaires,9500.0,Fashion & Retail,0,"{'name': 'Chirathivat family', 'uri': 'chirathivat-family', 'imageExists': True, 'squareImage': 'https://specials-images.forbesimg.com/imageserve/62bc629c7f60de4f6a70f110/416x416.jpg?background=000000&cropX1=0&cropX2=1557&cropY1=0&cropY2=1557'}",True,Chirathivat family,Thailand,Bangkok,retail,['Fashion & Retail'],Thailand,1625704252144,2,faris/17/2020/9048,4,True,False,D,,Chirathivat family,,Thailand's 50 Richest,1585699200000,False,False,http://specials-images.forbesimg.com/imageserve/62bc629c7f60de4f6a70f110/280x425.jpg?fit=scale&background=000000,https://specials-images.forbesimg.com/imageserve/62bc629c7f60de4f6a70f110/416x416.jpg?background=000000&cropX1=0&cropX2=1557&cropY1=0&cropY2=1557,False,"['rank', 'finalWorth', 'personName', 'bios', 'bio']",False,"[""The Chirathivat family controls Central Group, the country's biggest mall developer."", ""The group is led by Tos Chirathivat (pictured above), grandson of the group's founder."", ""In February 2020, the family listed their private retail arm, Central Retail, raising $2.5 billion in what was Thailand's biggest IPO. "", ""E-commerce site, JD Central, is a $560 million joint venture with China's JD.com. ""]","[""In 1927 Tos' grandfather Tiang Chirathivat, a poor emigrant from China, set up his first shop in Bangkok, named Keng Seng Lee."", ""In 1956, founder Tiang's son Samrit opened the country's first department store, in the Wang Burapha neighborhood of Bangkok.""]",thailand-billionaires,False,,,,,
4,Thailand's 50 Richest,2020,4,sarath-ratanavadi,5,thailand-billionaires,6800.0,Energy,0,"{'name': 'Sarath Ratanavadi', 'uri': 'sarath-ratanavadi', 'imageExists': False, 'squareImage': '//specials-images.forbesimg.com/imageserve/5cd1a6fb573d4d0008f30d8e/416x416.jpg?background=000000&cropX1=308&cropX2=1776&cropY1=0&cropY2=1467'}",True,Sarath Ratanavadi,Thailand,Bangkok,energy,['Energy'],Thailand,1587679318407,28,faris/17/2020/205346,5,False,True,U,M,Ratanavadi,Sarath,Thailand's 50 Richest,1585782000000,False,False,http://specials-images.forbesimg.com/imageserve/5cd1a6fb573d4d0008f30d8e/280x425.jpg?fit=scale&background=000000,//specials-images.forbesimg.com/imageserve/5cd1a6fb573d4d0008f30d8e/416x416.jpg?background=000000&cropX1=308&cropX2=1776&cropY1=0&cropY2=1467,False,"['rank', 'finalWorth', 'personName', 'bios', 'bio']",False,"[""Sarath Ratanavadi is the CEO of Gulf Energy Development, Thailand's third-largest energy producer. \t\r\n"", ""He took the company public in 2017 raising more than $700 million, in what was the country's biggest IPO in a decade."", 'Shares of Gulf Energy Development, in which he has a significant stake, have soared since its IPO. \t', 'In 2019, revenue was up two-thirds to $1billion as new gas-fired power projects came online. ', ""Gulf Energy has a 70:30 joint venture with state-owned oil and gas firm PTT to build a $1.3 billion LNG terminal and port on Thailand's east coast.""]","['He went to college in Bangkok, then moved to the U.S. for a masters degree in engineering.', 'Sarath is the former managing director of Thailand Golf Championship.']",,False,54.0,-141177600000.0,,,
5,Thailand's 50 Richest,2020,4,aiyawatt-srivaddhanaprabha,6,thailand-billionaires,3800.0,Fashion & Retail,0,"{'name': 'Aiyawatt Srivaddhanaprabha & family', 'uri': 'aiyawatt-srivaddhanaprabha', 'imageExists': False, 'squareImage': 'https://specials-images.forbesimg.com/imageserve/60e5e6b3f4f51841a39bebbe/416x416.jpg?background=000000&cropX1=424&cropX2=912&cropY1=36&cropY2=524'}",True,Aiyawatt Srivaddhanaprabha & family,Thailand,Bangkok,duty-free,['Fashion & Retail'],Thailand,1624260182690,32,faris/17/2020/219938,6,False,False,D,M,Srivaddhanaprabha,Aiyawatt,Thailand's 50 Richest,1585699200000,False,False,http://specials-images.forbesimg.com/imageserve/60e5e6b3f4f51841a39bebbe/280x425.jpg?fit=scale&background=000000,https://specials-images.forbesimg.com/imageserve/60e5e6b3f4f51841a39bebbe/416x416.jpg?background=000000&cropX1=424&cropX2=912&cropY1=36&cropY2=524,False,"['rank', 'finalWorth', 'personName', 'bios', 'bio']",False,"[""Aiyawatt Srivaddhanaprabha is the son of Thailand's late duty-free tycoon, Vichai Srivaddhanaprabha, who died in a helicopter crash in October 2018."", ""With estimated annual revenue of  $3.2 billion, King Power,  is the country's leading operator of airport duty-free stores. "", ""The company is now run by Aiyawatt (Top), who's King Power's chairman and CEO and shares his fortune with his mother and three siblings."", 'Aiyawatt also chairs Leicester City, the English football club his family bought and turned into one of the best performing clubs in the league. ', ""They also own a major chunk of MahaNakhon, a Bangkok development that has Thailand's tallest skyscraper.""]","['Vichai started King Power in 1989 with a duty-free shop in downtown Bangkok.', ""The country's late, revered King Bhumibol Adulyadej, gave Vichai Srivaddhanaprabha his surname. It was originally Raksriaksorn. ""]",thailand-billionaires,False,34.0,491184000000.0,,,
6,Thailand's 50 Richest,2020,4,prachak-tangkaravakoon-1,7,thailand-billionaires,3100.0,Manufacturing,0,"{'name': 'Prachak Tangkaravakoon & family', 'uri': 'prachak-tangkaravakoon-1', 'imageExists': False, 'squareImage': '//specials-images.forbesimg.com/imageserve/5ad8df8031358e4112b82e99/416x416.jpg?background=000000&cropX1=914&cropX2=2647&cropY1=398&cropY2=2132'}",True,Prachak Tangkaravakoon & family,Thailand,Bangkok,paints,['Manufacturing'],Thailand,1625687910703,4,faris/17/2020/228916,7,False,True,Up,M,Tangkaravakoon,Prachak,Thailand's 50 Richest,1585699200000,False,False,http://specials-images.forbesimg.com/imageserve/5ad8df8031358e4112b82e99/280x425.jpg?fit=scale&background=000000,//specials-images.forbesimg.com/imageserve/5ad8df8031358e4112b82e99/416x416.jpg?background=000000&cropX1=914&cropX2=2647&cropY1=398&cropY2=2132,False,"['rank', 'finalWorth', 'personName', 'bios', 'bio']",False,"[""Prachak Tangkaravakoon chairs $520 million (revenue) TOA Paint (Thailand), the country's biggest paint company. "", 'TOA Paint has three plants in Thailand, plus factories in Vietnam, Laos, Myanmar, Malaysia, Cambodia and Indonesia.', ""The company's IPO in 2017 raised $360 million to ramp up regional expansion, including in Myanmar and Cambodia."", 'His fortune got a boost after son Vonnarat completed a backdoor listing deal of cable and wire firm Stark Corporation, in 2019.\r\n', ""Son Jatuphat is in charge of TOA Paint and Erawan Sugar. Son Nattavuth runs the family's investment arm, TOA Venture Holding.""]","[""In 1964, Prachak expanded the family's hardware business into paint supplies, opening the first paint factory in 1972."", 'The tycoon long ago handed over operations to his four children.']",thailand-billionaires,False,76.0,-813196800000.0,,,
7,Thailand's 50 Richest,2020,4,osathanugrah-family,8,thailand-billionaires,3000.0,Food and Beverage,0,"{'name': 'Osathanugrah Family', 'uri': 'osathanugrah-family', 'imageExists': True, 'squareImage': 'https://specials-images.forbesimg.com/imageserve/60d9eddeeb1965b3459cb54d/416x416.jpg?background=000000&cropX1=0&cropX2=2404&cropY1=0&cropY2=2404'}",True,Osathanugrah Family,Thailand,Bangkok,beverages,['Food and Beverage'],Thailand,1625703610971,11,faris/17/2020/196822,8,True,False,E,,Osathanugrah Family,,Thailand's 50 Richest,1585699200000,False,False,http://specials-images.forbesimg.com/imageserve/60d9eddeeb1965b3459cb54d/280x425.jpg?fit=scale&background=000000,https://specials-images.forbesimg.com/imageserve/60d9eddeeb1965b3459cb54d/416x416.jpg?background=000000&cropX1=0&cropX2=2404&cropY1=0&cropY2=2404,False,"['rank', 'finalWorth', 'personName', 'bios', 'bio']",False,"[""The Osathanugrah family owns 129-year-old Osotspa, among Thailand's oldest companies and maker of the popular M-150 energy drink."", ""The family's wealth got a boost from the October 2018 IPO of Osotspa, which is run by Petch Osathanugrah, grandson of the founder."", 'An avid art collector, Petch has built a contemporary art museum in Bangkok.']","['Osotspa started in 1891 as a pharmacy selling herbal medicines.', 'Petch also runs the family-founded Bangkok University.']",thailand-billionaires,False,,,,,
8,Thailand's 50 Richest,2020,4,vanich-chaiyawan,9,thailand-billionaires,2800.0,Finance and Investments,0,"{'name': 'Vanich Chaiyawan', 'uri': 'vanich-chaiyawan', 'imageExists': True, 'squareImage': '//specials-images.forbesimg.com/imageserve/5cd1aa980a0ec40007b48637/416x416.jpg?background=000000&cropX1=3&cropX2=314&cropY1=5&cropY2=316'}",True,Vanich Chaiyawan,Thailand,Bangkok,"insurance, beverages",['Finance and Investments'],Thailand,1587679148922,20,faris/17/2020/7988,9,True,True,D,M,Chaiyawan,Vanich,Thailand's 50 Richest,1585782000000,False,False,http://specials-images.forbesimg.com/imageserve/5cd1aa980a0ec40007b48637/280x425.jpg?fit=scale&background=000000,//specials-images.forbesimg.com/imageserve/5cd1aa980a0ec40007b48637/416x416.jpg?background=000000&cropX1=3&cropX2=314&cropY1=5&cropY2=316,False,"['rank', 'finalWorth', 'personName', 'bios', 'bio']",False,"[""Former rice trader Vanich Chaiyawan controls Thai Life, Thailand's third-biggest life insurer."", 'The company is run by his son Chai, who is aiming to make it into a regional brand.', 'Thai Life sells mostly through agents and is known for its emotionally-charged TV commercials. ', ""Japan's Meiji Yasuda has a 15% stake in Thai Life."", 'In August 2019, Thai Life entered Myanmar by acquiring a 35% stake in Citizen Business Insurance of Yangon. ']","[""Vanich also owns a tiny stake in Thai Beverage, fellow billionaire Charoen Sirivadhanabhakdi's Singapore-listed brewer and distiller. "", 'His son, Winyou, who is a banker and novelist, has published two books, The Emptiness of True Love and The Emptiness of Yesterday.']",,False,88.0,-1199232000000.0,,,
9,Thailand's 50 Richest,2020,4,chuchat-petaumpai-daonapa-petampai,10,thailand-billionaires,2650.0,Finance and Investments,0,"{'name': 'Chuchat Petaumpai & Daonapa Petampai', 'uri': 'chuchat-petaumpai-daonapa-petampai', 'imageExists': False, 'squareImage': 'https://specials-images.forbesimg.com/imageserve/60d9efde9714e24362b7eaea/416x416.jpg?background=000000&cropX1=135&cropX2=533&cropY1=10&cropY2=408'}",True,Chuchat Petaumpai & Daonapa Petampai,Thailand,Bangkok,motorcycle loans,['Finance and Investments'],Thailand,1617669807075,13,faris/17/2020/196551,10,False,True,U,,Chuchat Petaumpai &,Daonapa Petampai,Thailand's 50 Richest,1585782000000,False,False,http://specials-images.forbesimg.com/imageserve/60d9efde9714e24362b7eaea/280x425.jpg?fit=scale&background=000000,https://specials-images.forbesimg.com/imageserve/60d9efde9714e24362b7eaea/416x416.jpg?background=000000&cropX1=135&cropX2=533&cropY1=10&cropY2=408,False,"['rank', 'finalWorth', 'personName', 'bios', 'bio']",False,"['Husband and wife, Chuchat Petaumpai and Daonapa Petampai, gave up their bank jobs to start Muangthai Leasing in 1992.', ""They grew the company into Thailand's biggest provider of loans against motorcycles with more than 3,200 branches."", ""That company's customers include farmers, factory workers and civil servants."", 'The couple took their company public in 2014 and changed its name to Muangthai Capital in 2018.']","['Chuchat is an avid wine collector with 2,000 bottles in his private cellar.', 'Their U.S.-educated son, Parithad, works with them.']",,False,66.0,-522979200000.0,,,
10,Thailand's 50 Richest,2020,4,prasert-prasarttong-osoth,11,thailand-billionaires,2600.0,Healthcare,0,"{'name': 'Prasert Prasarttong-Osoth', 'uri': 'prasert-prasarttong-osoth', 'imageExists': True, 'squareImage': 'https://specials-images.forbesimg.com/imageserve/60d9ee67db3c9fe8246c2abd/416x416.jpg?background=000000&cropX1=281&cropX2=1361&cropY1=54&cropY2=1135'}",True,Prasert Prasarttong-Osoth,Thailand,Bangkok,hospitals,['Healthcare'],Thailand,1587679196764,27,faris/17/2020/7989,11,True,True,D,M,Prasarttong-Osoth,Prasert,Thailand's 50 Richest,1585782000000,False,False,http://specials-images.forbesimg.com/imageserve/60d9ee67db3c9fe8246c2abd/280x425.jpg?fit=scale&background=000000,https://specials-images.forbesimg.com/imageserve/60d9ee67db3c9fe8246c2abd/416x416.jpg?background=000000&cropX1=281&cropX2=1361&cropY1=54&cropY2=1135,False,"['rank', 'finalWorth', 'personName', 'bios', 'bio']",False,"[""Former surgeon Prasert Prasarttong-Osoth cofounded Bangkok Dusit Medical Services, Thailand's largest private hospital operator, in 1972."", 'Bangkok Dusit has a $370 million luxury healthcare complex in Bangkok that includes a 290-room Movenpick hotel.', 'Prasert also also owns and runs regional airline, Bangkok Airways, which he took public in 2014. ', 'He and daughter Poramaporn resigned after the SEC imposed sanctions against them in January 2019 for allegedly manipulating shares of Bangkok Airways.', 'In a company statement, Prasert said they would prove their innocence through the justice system but subsequently paid a fine.']","['PPTV, his digital TV channel, has the rights to broadcast matches of the English Premier League. ', 'Prasert comes from an old Bangkok family that was engaged in making and selling traditional medicines.']",,False,87.0,-1160352000000.0,,,
11,Thailand's 50 Richest,2020,4,harald-link,12,thailand-billionaires,2300.0,Diversified,0,"{'name': 'Harald Link', 'uri': 'harald-link', 'imageExists': True, 'squareImage': '//specials-images.forbesimg.com/imageserve/5e78c6e2d8e1ae0007b74175/416x416.jpg?background=000000&cropX1=875&cropX2=2263&cropY1=1435&cropY2=2824'}",True,Harald Link,Thailand,Bangkok,diversified,['Diversified'],Thailand,1587679227653,14,faris/17/2020/194919,12,True,False,U,M,Link,Harald,Thailand's 50 Richest,1585782000000,False,False,http://specials-images.forbesimg.com/imageserve/5e78c6e2d8e1ae0007b74175/280x425.jpg?fit=scale&background=000000,//specials-images.forbesimg.com/imageserve/5e78c6e2d8e1ae0007b74175/416x416.jpg?background=000000&cropX1=875&cropX2=2263&cropY1=1435&cropY2=2824,False,"['rank', 'finalWorth', 'personName', 'bios', 'bio']",False,"[""Harald Link is the third-generation head of Thailand's storied B. Grimm Group, with interests in power, real estate, transport and infrastructure."", ""Founded in 1878 as Siam Dispensary, it was acquired by Link's grandfather Adolf Link in 1914."", 'After studying in Switzerland and Germany, where he grew up, Link arrived in Bangkok in 1978 to join his uncle in the family firm. ', 'Chief executive since 1987, Link is grooming daughter Caroline to succeed him. ', ""In 2017, Link listed the group's power unit in what was the first ever IPO of a group company.""]","['Link is an avid polo player.', 'His wife is a titled princess of Liechtenstein. ']",,False,65.0,-472435200000.0,,,
12,Thailand's 50 Richest,2020,4,krit-ratanarak,13,thailand-billionaires,2250.0,Media & Entertainment,0,"{'name': 'Krit Ratanarak', 'uri': 'krit-ratanarak', 'imageExists': True, 'squareImage': '//specials-images.forbesimg.com/imageserve/592861b54bbe6f1b730ac92a/416x416.jpg?background=000000&cropX1=71&cropX2=496&cropY1=42&cropY2=467'}",True,Krit Ratanarak,Thailand,Bangkok,"media, real estate",['Media & Entertainment'],Thailand,1586220605098,5,faris/17/2020/4977,13,True,False,D,M,Ratanarak,Krit,Thailand's 50 Richest,1585782000000,False,False,http://specials-images.forbesimg.com/imageserve/592861b54bbe6f1b730ac92a/280x425.jpg?fit=scale&background=000000,//specials-images.forbesimg.com/imageserve/592861b54bbe6f1b730ac92a/416x416.jpg?background=000000&cropX1=71&cropX2=496&cropY1=42&cropY2=467,False,"['rank', 'finalWorth', 'personName', 'bios', 'bio']",False,"[""Media baron Krit Ratanarak controls Bangkok Broadcasting & TV, which operates Thailand's market leader, Channel 7."", ""He also owns a minority stake in Bank of Ayudhya, the country's fifth largest bank."", 'Other assets include a stake in Siam City Cement, which his late father Chuan founded in 1969.', ""His U.K.-educated son and only child, Chachchon, oversees the Tonson Group and Tonson Property, the family's investment and property arms.""]",['Fellow billionaire Harald Link sits on the board of Siam City Cement.'],,False,73.0,-748051200000.0,5.0,False,
13,Thailand's 50 Richest,2020,4,keeree-kanjanapas,14,thailand-billionaires,1900.0,Real Estate,0,"{'name': 'Keeree Kanjanapas', 'uri': 'keeree-kanjanapas', 'imageExists': True, 'squareImage': 'https://specials-images.forbesimg.com/imageserve/5e780a6d10380d0006fbca70/416x416.jpg?background=000000&cropX1=700&cropX2=2099&cropY1=876&cropY2=2276'}",True,Keeree Kanjanapas,Thailand,Bangkok,transportation,['Real Estate'],Thailand,1586220690386,15,faris/17/2020/13050,14,True,True,D,M,Kanjanapas,Keeree,Thailand's 50 Richest,1585782000000,False,False,http://specials-images.forbesimg.com/imageserve/5e780a6d10380d0006fbca70/280x425.jpg?fit=scale&background=000000,https://specials-images.forbesimg.com/imageserve/5e780a6d10380d0006fbca70/416x416.jpg?background=000000&cropX1=700&cropX2=2099&cropY1=876&cropY2=2276,False,"['rank', 'finalWorth', 'personName', 'bios', 'bio']",False,"[""Scion of a Thai property clan, Keeree Kanjanapas is the founder and chairman of BTS Group Holdings, operator of Bangkok's famous Skytrain.\r\n"", 'His U.K.-educated son, Kavin, has been running BTS since 2015.', 'Making a foray into hotels, BTS acquired Vienna House in 2017 for $350 million, with a string of properties in Europe and Asia.', ""Keeree's interests include media firm VGI  and a joint venture with SET-listed developer Sansiri to build condo towers along mass transit lines. "", 'In 2018, VGI expanded into logistics by acquiring a 23% stake in Kerry Express, a parcel delivery firm.']","['Before plunging into mass transit, Keeree built a sportswear business in Hong Kong, which owned a Puma franchise.']",,False,69.0,-606096000000.0,,,
14,Thailand's 50 Richest,2020,4,santi-bhirombhakdi,15,thailand-billionaires,1860.0,Food and Beverage,0,"{'name': 'Santi Bhirombhakdi & family', 'uri': 'santi-bhirombhakdi', 'imageExists': True, 'squareImage': '//specials-images.forbesimg.com/imageserve/5ad8deb2a7ea432fbc1f6dde/416x416.jpg?background=000000&cropX1=1781&cropX2=5496&cropY1=0&cropY2=3712'}",True,Santi Bhirombhakdi & family,Thailand,Bangkok,"beer, property",['Food and Beverage'],Thailand,1625703686727,1,faris/17/2020/8470,15,True,False,D,M,Bhirombhakdi,Santi,Thailand's 50 Richest,1585699200000,False,False,http://specials-images.forbesimg.com/imageserve/5ad8deb2a7ea432fbc1f6dde/280x425.jpg?fit=scale&background=000000,//specials-images.forbesimg.com/imageserve/5ad8deb2a7ea432fbc1f6dde/416x416.jpg?background=000000&cropX1=1781&cropX2=5496&cropY1=0&cropY2=3712,False,"['rank', 'finalWorth', 'personName', 'bios', 'bio']",False,"[""Beer baron Santi Bhirombhakdi controls 86-year-old Boon Rawd Brewery, Thailand's oldest brewery and maker of Singha Beer."", 'Boon Rawd has branched out into backing startups through venture capital arm Singha Ventures.', ""The family's property unit, Singha Estate, owns U.K.-based Jupiter Hotels, operator of the Mercure brand, in partnership with FICO Group of the U.K."", 'In 2019, Singha Estate launched Crossroads, an integrated leisure and lifestyle complex in the Maldives.', 'Boon Rawd has a joint venture with Australian logistics firm Linfox to provide road transportation and warehousing services.']","['Boon Rawd was set up by his grandfather in 1933. ', 'Singha beer has a mythical lion on its logo.']",thailand-billionaires,False,73.0,-742003200000.0,,,
15,Thailand's 50 Richest,2020,4,thaksin-shinawatra,16,thailand-billionaires,1850.0,Finance and Investments,0,"{'name': 'Thaksin Shinawatra', 'uri': 'thaksin-shinawatra', 'imageExists': True, 'squareImage': '//specials-images.forbesimg.com/imageserve/5e780e37c7b02d000666e34e/416x416.jpg?background=000000&cropX1=1474&cropX2=3223&cropY1=11&cropY2=1759'}",True,Thaksin Shinawatra,United Arab Emirates,Dubai,investments,['Finance and Investments'],Thailand,1586220674481,5,faris/17/2020/4588,16,True,True,D,M,Shinawatra,Thaksin,Thailand's 50 Richest,1585782000000,False,False,http://specials-images.forbesimg.com/imageserve/5e780e37c7b02d000666e34e/280x425.jpg?fit=scale&background=000000,//specials-images.forbesimg.com/imageserve/5e780e37c7b02d000666e34e/416x416.jpg?background=000000&cropX1=1474&cropX2=3223&cropY1=11&cropY2=1759,False,"['rank', 'finalWorth', 'personName', 'bios', 'bio']",False,"['Thaksin Shinawatra, the former prime minister of Thailand, has been living in self-imposed exile in Dubai for more than a decade.', 'He owns a controlling stake in property firm SC Asset, among much else. ', ""In 2017, the ruling military junta imposed a retrospective tax on Thaksin's sale of telecom firm Shin Corp's  shares to Singapore's Temasek."", 'His sister Yingluck, also a former prime minister, fled the country in 2017 to escape arrest over a rice subsidy scheme. ', 'In January 2020, Thaksin and Yingluck took part in a consumer electronics show in Las Vegas to promote their new DNA nutrition app.']",,,False,70.0,-644889600000.0,,,
16,Thailand's 50 Richest,2020,4,wichai-thongtang,17,thailand-billionaires,1800.0,Real Estate,0,"{'name': 'Wichai Thongtang', 'uri': 'wichai-thongtang', 'imageExists': True, 'squareImage': 'https://specials-images.forbesimg.com/imageserve/60d9f1892014462fc79cb54d/416x416.jpg?background=000000&cropX1=0&cropX2=844&cropY1=0&cropY2=844'}",True,Wichai Thongtang,Thailand,Bangkok,investments,['Real Estate'],Thailand,1586220701870,13,faris/17/2020/193156,17,True,True,D,M,Thongtang,Wichai,Thailand's 50 Richest,1585782000000,False,False,http://specials-images.forbesimg.com/imageserve/60d9f1892014462fc79cb54d/280x425.jpg?fit=scale&background=000000,https://specials-images.forbesimg.com/imageserve/60d9f1892014462fc79cb54d/416x416.jpg?background=000000&cropX1=0&cropX2=844&cropY1=0&cropY2=844,False,"['rank', 'finalWorth', 'personName', 'bios', 'bio']",False,"['Lawyer-turned-investor Wichai Thongtang, gets the biggest chunk of his fortune from a minority stake in hospital operator Bangkok Dusit. ', ""Wichai's portfolio includes TWZ, a distributor of mobile phones and peripheral devices and E For L Aim, a dealer of medical equipment and suppliers."", 'He is chairman of listed Royal Orchid Hotel (Thailand).']","['He has represented former prime minister Thaksin Shinawatra.', ""Wichai's loss-ridden cable-TV company was shut down in August 2016.\r\n""]",,False,73.0,-725846400000.0,,,
17,Thailand's 50 Richest,2020,4,somphote-ahunai-1,18,thailand-billionaires,1750.0,Energy,0,"{'name': 'Somphote Ahunai & family', 'uri': 'somphote-ahunai-1', 'imageExists': False, 'squareImage': '//specials-images.forbesimg.com/imageserve/5e865d3910005200067de785/416x416.jpg?background=000000&cropX1=789&cropX2=2420&cropY1=750&cropY2=2381'}",True,Somphote Ahunai & family,Thailand,Bangkok,energy,['Energy'],Thailand,1625687911016,3,faris/17/2020/223700,18,False,True,D,M,Ahunai,Somphote,Thailand's 50 Richest,1585699200000,False,False,http://specials-images.forbesimg.com/imageserve/5e865d3910005200067de785/280x425.jpg?fit=scale&background=000000,//specials-images.forbesimg.com/imageserve/5e865d3910005200067de785/416x416.jpg?background=000000&cropX1=789&cropX2=2420&cropY1=750&cropY2=2381,False,"['rank', 'finalWorth', 'personName', 'bios', 'bio']",False,"['Former securities trader Somphote Ahunai started renewable energy outfit Energy Absolute in 2006.', 'He took the company public in 2013 and owns a significant stake with family.', 'Energy Absolute has expanded into energy storage with a $3 billion, 50-gigawatt factory project to make lithium-ion batteries.', 'Its subsidiary, Mine Mobility, unveiled its first electric car, a five-seat hatchback, in June 2019.']",,thailand-billionaires,False,52.0,-81648000000.0,,,
18,Thailand's 50 Richest,2020,4,rit-thirakomen,19,thailand-billionaires,1650.0,Food and Beverage,0,"{'name': 'Rit Thirakomen & family', 'uri': 'rit-thirakomen', 'imageExists': True, 'squareImage': '//specials-images.forbesimg.com/imageserve/5c7257dba7ea4310004353c0/416x416.jpg?background=000000&cropX1=2&cropX2=826&cropY1=9&cropY2=833'}",True,Rit Thirakomen & family,Thailand,Bangkok,restaurants,['Food and Beverage'],Thailand,1625687918510,1,faris/17/2020/195033,19,True,False,D,M,Thirakomen,Rit,Thailand's 50 Richest,1585699200000,False,False,http://specials-images.forbesimg.com/imageserve/5c7257dba7ea4310004353c0/280x425.jpg?fit=scale&background=000000,//specials-images.forbesimg.com/imageserve/5c7257dba7ea4310004353c0/416x416.jpg?background=000000&cropX1=2&cropX2=826&cropY1=9&cropY2=833,False,"['rank', 'finalWorth', 'personName', 'bios', 'bio']",False,"[""Electrical engineer Rit Thirakomen chairs and runs MK Restaurant Group known for its value-for-money 'sukiyaki' restaurants."", 'The restaurant chain was founded by his late mother-in-law as a small Thai eatery in 1962.', 'After co-founding a book publishing business in 1974, he took to the restaurant trade in 1987, expanding into sukiyaki with his wife Yupin. ', 'Today, MK has more than 700 restaurants, including Japanese food chain Yayoi.', 'In November 2019, MK acquired a 65% stake in Laem Charoen Seafood Company, a local Thai chain, for $65 million.  ']","['At MK Restaurants customers cook their own food in a hotpot at their table.', 'In 2018, MK launched takeaway chain Bizzy Box.']",thailand-billionaires,False,68.0,-582854400000.0,,,
19,Thailand's 50 Richest,2020,4,supaluck-umpujh,20,thailand-billionaires,1600.0,Fashion & Retail,0,"{'name': 'Supaluck Umpujh & family', 'uri': 'supaluck-umpujh', 'imageExists': True, 'squareImage': '//specials-images.forbesimg.com/imageserve/5e7829f7d8e1ae0007b73ae5/416x416.jpg?background=000000&cropX1=400&cropX2=2142&cropY1=0&cropY2=1742'}",True,Supaluck Umpujh & family,Thailand,Bangkok,retail,['Fashion & Retail'],Thailand,1625687921828,1,faris/17/2020/196605,20,True,False,D,F,Umpujh,Supaluck,Thailand's 50 Richest,1585699200000,False,False,http://specials-images.forbesimg.com/imageserve/5e7829f7d8e1ae0007b73ae5/280x425.jpg?fit=scale&background=000000,//specials-images.forbesimg.com/imageserve/5e7829f7d8e1ae0007b73ae5/416x416.jpg?background=000000&cropX1=400&cropX2=2142&cropY1=0&cropY2=1742,False,"['rank', 'finalWorth', 'personName', 'bios', 'bio']",False,"["" Supaluck Umpujh chairs and runs The Mall Group, the country's second-largest retail chain, founded by her father Supachai Umpujh."", ""The family's retail empire includes the hugely popular Siam Paragon mall, The Emporium,   EmQuartier and Bluport Huahin."", 'Supaluck gets her wealth from a majority stake in the retail group, which she shares with her family.', 'The Mall Group has a joint venture with AEG, an American sports and entertainment company, to build two stadiums in Bangkok. ', ""Supaluck's niece Ploychompu Umpujh has set up the Escape Bangkok Bar atop EmQuartier. She also has her own fashion brand, Ploychompu Design. ""]","[""Supaluck has a bachelor's degree in pharmacy from Mahidol University, and a master's degree in physical and industrial pharmacy from Purdue University in the U.S."", 'Her father, Supachai Umpujh, built a chain of theatres.']",thailand-billionaires,False,65.0,-471830400000.0,,,
20,Thailand's 50 Richest,2020,4,prayudh-mahagitsiri,21,thailand-billionaires,1550.0,Food and Beverage,0,"{'name': 'Prayudh Mahagitsiri', 'uri': 'prayudh-mahagitsiri', 'imageExists': True, 'squareImage': '//specials-images.forbesimg.com/imageserve/59270e39a7ea434078d466b4/416x416.jpg?background=000000&cropX1=21&cropX2=744&cropY1=0&cropY2=724'}",True,Prayudh Mahagitsiri,Thailand,Bangkok,"coffee, shipping",['Food and Beverage'],Thailand,1586220749116,5,faris/17/2020/8439,21,True,False,D,M,Mahagitsiri,Prayudh,Thailand's 50 Richest,1585782000000,False,False,http://specials-images.forbesimg.com/imageserve/59270e39a7ea434078d466b4/280x425.jpg?fit=scale&background=000000,//specials-images.forbesimg.com/imageserve/59270e39a7ea434078d466b4/416x416.jpg?background=000000&cropX1=21&cropX2=744&cropY1=0&cropY2=724,False,"['rank', 'finalWorth', 'personName', 'bios', 'bio']",False,"[""Thailand's coffee king Prayudh Mahagitsiri's Quality Coffee Products is a long-standing joint venture with Nestl√©. \r\n"", ""With a 60% market share, Quality Coffee has been cashing in on the country's rising coffee culture."", 'Prayudh also has interests in steel, copper, shipping, offshore drilling and property development. ', 'His son Chalermchai, a Boston University grad, is CEO of holding outfit PM Group. ', 'Daughter Ausana is the chief operating officer of the PM Group and founder of Coffee Gallery, a chain of cafes.']","[""Prayudh's grandfather emigrated from southern China to Thailand, where he began trading foodstuffs and later imported Japanese-made tuk-tuks."", ""Prayudh sells and markets P80, a food supplement that's made from the Longan fruit.\r\n""]",,False,74.0,-757382400000.0,,,
21,Thailand's 50 Richest,2020,4,chatchai-kaewbootta,22,thailand-billionaires,1200.0,Finance and Investments,0,"{'name': 'Chatchai Kaewbootta', 'uri': 'chatchai-kaewbootta', 'imageExists': True, 'squareImage': '//specials-images.forbesimg.com/imageserve/55650247e4b0bacdbd75563b/416x416.jpg?background=000000&cropX1=32&cropX2=744&cropY1=68&cropY2=780'}",True,Chatchai Kaewbootta,Thailand,Bangkok,auto loans,['Finance and Investments'],Thailand,1617670252443,5,faris/17/2020/195154,22,True,True,U,M,Kaewbootta,Chatchai,Thailand's 50 Richest,1585782000000,False,False,http://specials-images.forbesimg.com/imageserve/55650247e4b0bacdbd75563b/280x425.jpg?fit=scale&background=000000,//specials-images.forbesimg.com/imageserve/55650247e4b0bacdbd75563b/416x416.jpg?background=000000&cropX1=32&cropX2=744&cropY1=68&cropY2=780,False,"['rank', 'finalWorth', 'personName', 'bios', 'bio']",False,"[""Along with family, Chatchai Kaewbootta owns a big stake in Srisawad, one of Thailand's largest providers of loans against motorcycles and cars."", 'Srisawad has 3,500 branches and also provides nano-finance loans of under $2,800. ', 'Son of a tractor distributor, he joined the family trade then went on to become a dealer for Honda motorcycles.\r\n', 'Chatchai started the business in 1984, sold to AIG in 2007, but got back into the same business with a new name in 2009.']","['Srisawad\'s service slogan is ""Mee Baan Mee Rod Ngern Sod Than Jai,"" which translates to ""Your car and/or your home can bring you instant cash.""', 'Chatchai named the company after his mother.']",,False,68.0,-583632000000.0,,,
22,Thailand's 50 Richest,2020,4,william-heinecke,23,thailand-billionaires,1150.0,Real Estate,0,"{'name': 'William Heinecke', 'uri': 'william-heinecke', 'imageExists': True, 'squareImage': 'https://specials-images.forbesimg.com/imageserve/5e780fe0c7b02d000666e373/416x416.jpg?background=000000&cropX1=65&cropX2=861&cropY1=149&cropY2=945'}",True,William Heinecke,Thailand,Bangkok,hotels,['Real Estate'],Thailand,1617670210319,5,faris/17/2020/8418,23,True,True,D,M,Heinecke,William,Thailand's 50 Richest,1585782000000,False,False,http://specials-images.forbesimg.com/imageserve/5e780fe0c7b02d000666e373/280x425.jpg?fit=scale&background=000000,https://specials-images.forbesimg.com/imageserve/5e780fe0c7b02d000666e373/416x416.jpg?background=000000&cropX1=65&cropX2=861&cropY1=149&cropY2=945,False,"['rank', 'finalWorth', 'personName', 'bios', 'bio']",False,"['U.S.-born hotelier William Heinecke came to Thailand as a child and started his first business before he turned 18, hence naming his company Minor.', 'A Thai citizen since 1991, his portfolio has 536 hotels and resorts, more than 2,000 restaurants and 480 retail stores, spread across 65 countries.', ""He tripled the size of his hotel portfolio by acquiring Spain's NH Hotels for $2.6 billion in 2018. "", 'Minor also has franchises for such brands as Swensens, Sizzler, Dairy Queen and Burger King. ', ""In 2018, Minor celebrated its golden anniversary. In January 2020, Heinecke gave up the CEO's position to a Minor veteran. ""]","['An auto enthusiast, Heinecke has a collection of 36 cars and motorcycles.', 'In March 2020, he announced the shutdown of his Bangkok hotels in response to the COVID-19 pandemic.']",,False,71.0,-649382400000.0,,,
23,Thailand's 50 Richest,2020,4,anant-asavabhokhin,24,thailand-billionaires,1120.0,Real Estate,0,"{'name': 'Anant Asavabhokhin & family', 'uri': 'anant-asavabhokhin', 'imageExists': False, 'squareImage': '//specials-images.forbesimg.com/imageserve/5ae0e71ca7ea43127982a6f6/416x416.jpg?background=000000&cropX1=909&cropX2=1588&cropY1=17&cropY2=696'}",True,Anant Asavabhokhin & family,Thailand,Bangkok,real estate,['Real Estate'],Thailand,1625687918757,1,faris/17/2020/7539,24,False,True,D,M,Asavabhokhin,Anant,Thailand's 50 Richest,1585699200000,False,False,http://specials-images.forbesimg.com/imageserve/5ae0e71ca7ea43127982a6f6/280x425.jpg?fit=scale&background=000000,//specials-images.forbesimg.com/imageserve/5ae0e71ca7ea43127982a6f6/416x416.jpg?background=000000&cropX1=909&cropX2=1588&cropY1=17&cropY2=696,False,"['rank', 'finalWorth', 'personName', 'bios', 'bio']",False,"[""Property tycoon Anant Asavabhokhin's biggest asset is a significant stake in SET-listed Land And Houses."", 'He founded the company with his mother, Piangjai Harnpanij, in 1983.', 'Land and Houses bought an apartment building in Campbell, California for $119 million in November 2017.', 'In 2017, he resigned from the chairmanship of four of his companies over his alleged role in a financial scandal linked to the Dhammakaya temple.']",,thailand-billionaires,False,69.0,-611971200000.0,,,
24,Thailand's 50 Richest,2020,4,thongma-vijitpongpun-1,25,thailand-billionaires,1100.0,Real Estate,0,"{'name': 'Thongma Vijitpongpun & family', 'uri': 'thongma-vijitpongpun-1', 'imageExists': False, 'squareImage': '//specials-images.forbesimg.com/imageserve/5af9bbb631358e612fb8f011/416x416.jpg?background=000000&cropX1=440&cropX2=1612&cropY1=82&cropY2=1253'}",True,Thongma Vijitpongpun & family,Thailand,Bangkok,real estate,['Real Estate'],Thailand,1625687918556,1,faris/17/2020/212443,25,False,True,D,M,Vijitpongpun,Thongma,Thailand's 50 Richest,1585699200000,False,False,http://specials-images.forbesimg.com/imageserve/5af9bbb631358e612fb8f011/280x425.jpg?fit=scale&background=000000,//specials-images.forbesimg.com/imageserve/5af9bbb631358e612fb8f011/416x416.jpg?background=000000&cropX1=440&cropX2=1612&cropY1=82&cropY2=1253,False,"['rank', 'finalWorth', 'personName', 'bios', 'bio']",False,"[""Civil engineer Thongma Vijitpongpun founded Pruksa in 1993 and built it intoThailand's biggest developer of low-to-middle-income housing."", 'Pruksa, which is known for its affordable prefab townhouses, went public in 2005.', 'In a 2016 restructuring, Thongma delisted Pruksa Real Estate and formed a new holding outfit, Pruksa Holding. ', 'In 2018 Pruksa celebrated its 25th anniversary and moved to a new corporate office in a tower called Pearl Bangkok.']","['As a youngster, he helped his father hawk fish-maw soup.\r\n', 'Thongma enjoys reading books on Buddhist philosophy.']",thailand-billionaires,False,61.0,-393984000000.0,,,
25,Thailand's 50 Richest,2020,4,aloke-lohia,26,thailand-billionaires,1090.0,Manufacturing,0,"{'name': 'Aloke Lohia', 'uri': 'aloke-lohia', 'imageExists': True, 'squareImage': '//specials-images.forbesimg.com/imageserve/5e782b2cd8e1ae0007b73ae9/416x416.jpg?background=000000&cropX1=379&cropX2=3247&cropY1=82&cropY2=2947'}",True,Aloke Lohia,Thailand,Bangkok,petrochemicals,['Manufacturing'],India,1617669982527,5,faris/17/2020/13071,26,True,False,D,M,Lohia,Aloke,Thailand's 50 Richest,1585782000000,False,False,http://specials-images.forbesimg.com/imageserve/5e782b2cd8e1ae0007b73ae9/280x425.jpg?fit=scale&background=000000,//specials-images.forbesimg.com/imageserve/5e782b2cd8e1ae0007b73ae9/416x416.jpg?background=000000&cropX1=379&cropX2=3247&cropY1=82&cropY2=2947,False,"['rank', 'finalWorth', 'personName', 'bios', 'bio']",False,"[""Indian-born plastics tycoon, Aloke Lohia, is the younger brother of Sri Prakash Lohia, one of Indonesia's richest."", ""The Bangkok resident runs $11.4 billion (revenue) Indorama Ventures, the world's largest producer of PET polymer by capacity. "", 'To expand its global footprint, Indorama has been on an acquisition spree with 17 acquisitions since 2014. ', ""Bullish on his country of origin, Lohia has a joint venture with India's Dhunseri Petrochem to make polyester resin in eastern India. "", ""In January 2020, Indorama Ventures completed the $2 billion acquisition of U.S.- based Huntsman Corporation's chemicals business. ""]","['Lohia has lunch with his wife, Suchitra, who works with him, nearly every day. ', 'Indorama Ventures has recycled 50 billion PET beverage bottles since 2011 and aims to recycle 50 billion annually by 2025.']",,False,61.0,-350179200000.0,,,
26,Thailand's 50 Richest,2020,4,isara-vongkusolkit,27,thailand-billionaires,1000.0,Food and Beverage,0,"{'name': 'Isara Vongkusolkit & family', 'uri': 'isara-vongkusolkit', 'imageExists': True, 'squareImage': '//specials-images.forbesimg.com/imageserve/59271351a7ea434078d46828/416x416.jpg?background=000000&cropX1=2&cropX2=744&cropY1=56&cropY2=799'}",True,Isara Vongkusolkit & family,Thailand,Bangkok,sugar,['Food and Beverage'],Thailand,1625687918522,1,faris/17/2020/7180,27,True,False,D,M,Vongkusolkit,Isara,Thailand's 50 Richest,1585699200000,False,False,http://specials-images.forbesimg.com/imageserve/59271351a7ea434078d46828/280x425.jpg?fit=scale&background=000000,//specials-images.forbesimg.com/imageserve/59271351a7ea434078d46828/416x416.jpg?background=000000&cropX1=2&cropX2=744&cropY1=56&cropY2=799,False,"['rank', 'finalWorth', 'personName', 'bios', 'bio']",False,"[""Isara Vongkusolkit is the chairman of Mitr Phol Sugar, Asia's largest sugar producer."", 'The family also owns coal producer, Banpu, which is chaired by brother Chanin.', ""The family's property interests are held through SET-listed Erawan Group, which has 70 hotels under 9 different brands, including Grand Hyatt."", 'His brother Chanin is also chairman of Erawan.']",,thailand-billionaires,False,71.0,-680486400000.0,,,
27,Thailand's 50 Richest,2020,4,somporn-juangroongruangkit,28,thailand-billionaires,980.0,Automotive,0,"{'name': 'Somporn Juangroongruangkit', 'uri': 'somporn-juangroongruangkit', 'imageExists': True, 'squareImage': '//specials-images.forbesimg.com/imageserve/5ad8ef3231358e4112b830d8/416x416.jpg?background=000000&cropX1=16&cropX2=3744&cropY1=297&cropY2=4028'}",True,Somporn Juangroongruangkit,Thailand,Bangkok,auto parts,['Automotive'],Thailand,1625687925586,1,faris/17/2020/8430,28,True,False,D,F,Juangroongruangkit,Somporn,Thailand's 50 Richest,1585699200000,False,False,http://specials-images.forbesimg.com/imageserve/5ad8ef3231358e4112b830d8/280x425.jpg?fit=scale&background=000000,//specials-images.forbesimg.com/imageserve/5ad8ef3231358e4112b830d8/416x416.jpg?background=000000&cropX1=16&cropX2=3744&cropY1=297&cropY2=4028,False,"['rank', 'finalWorth', 'personName', 'bios', 'bio']",False,"[""Somporn Juangroongruangkit is president of $ 2.6 billion (revenue) Thai Summit Group, one of Thailand's leading auto part makers."", 'Apart from Thailand, the Group has factories in China, India, Indonesia, Japan, Malaysia, USA and Vietnam.', 'Thai Summit is run by her daughter, Chanapun, and son, Sakulthorn.', ""Her older son Thanathorn was Thai Summit's executive vice president until 2018, when he decided to plunge into politics.""]",,thailand-billionaires,False,69.0,-599616000000.0,,,
28,Thailand's 50 Richest,2020,4,phornthep-phornprapha,29,thailand-billionaires,915.0,Automotive,0,"{'name': 'Phornthep Phornprapha & family', 'uri': 'phornthep-phornprapha', 'imageExists': True, 'squareImage': '//specials-images.forbesimg.com/imageserve/5cd1c85f442e4b00070305e0/416x416.jpg?background=000000&cropX1=3&cropX2=800&cropY1=1&cropY2=798'}",True,Phornthep Phornprapha & family,Thailand,Bangkok,auto,['Automotive'],Thailand,1625687921675,1,faris/17/2020/8997,29,True,False,D,M,Phornprapha,Phornthep,Thailand's 50 Richest,1585699200000,False,False,http://specials-images.forbesimg.com/imageserve/5cd1c85f442e4b00070305e0/280x425.jpg?fit=scale&background=000000,//specials-images.forbesimg.com/imageserve/5cd1c85f442e4b00070305e0/416x416.jpg?background=000000&cropX1=3&cropX2=800&cropY1=1&cropY2=798,False,"['rank', 'finalWorth', 'personName', 'bios', 'bio']",False,"['Phornthep Phornprapha runs privately held Siam Motors Group, producer of Nissan cars and trucks in Thailand. ', ""The family's other interests include auto parts, logistics, construction equipment and hotels. \r\n"", ""Siam Motors has funded an automotive engineering and development center at Thammasat University's campus in Pattaya. ""]","['Phornthep has a board seat at Bangkok Bank, controlled by the Sophonpanich family.', 'The company is building a 30-story tower in downtown Bangkok, which is expected to open in 2022.']",thailand-billionaires,False,71.0,-663120000000.0,,,
29,Thailand's 50 Richest,2020,4,viriyahbhun,30,thailand-billionaires,885.0,Finance and Investments,0,"{'name': 'Viriyahbhun family', 'uri': 'viriyahbhun', 'imageExists': False}",True,Viriyahbhun family,Thailand,Bangkok,insurance,['Finance and Investments'],Thailand,1625687925624,1,faris/17/2020/199703,30,False,False,U,,Viriyahbhun,,Thailand's 50 Richest,1585699200000,False,False,,,False,"['rank', 'finalWorth', 'personName', 'bios', 'bio']",False,"[""The Viriyahbhun family controls Viriyah Insurance, the country's biggest non-life insurer, specializing in auto insurance. "", 'Lek Viriyahbhun founded the Thonburi Phanich Group in 1941 as a trading outfit.', 'The group got into car distribution with brands such as Mercedes-Benz. ', ""After Lek's death in 2000 the fortune was divided among his 6 children. ""]","['Lek also established the Erawan Museum, south of Bangkok, featuring a giant, three-headed copper elephant.', 'The insurance unit was established in 1947 as a fire and marine insurer that later expanded into car insurance. ']",thailand-billionaires,False,,,,,
30,Thailand's 50 Richest,2020,4,banthoon-lamsam,31,thailand-billionaires,860.0,Finance and Investments,0,"{'name': 'Banthoon Lamsam & family', 'uri': 'banthoon-lamsam', 'imageExists': True, 'squareImage': '//specials-images.forbesimg.com/imageserve/5e782dc010380d0006fbcbf8/416x416.jpg?background=000000&cropX1=1160&cropX2=3674&cropY1=0&cropY2=2513'}",True,Banthoon Lamsam & family,Thailand,Bangkok,banking,['Finance and Investments'],Thailand,1625687921692,1,faris/17/2020/4539,31,True,False,D,M,Lamsam,Banthoon,Thailand's 50 Richest,1585699200000,False,False,http://specials-images.forbesimg.com/imageserve/5e782dc010380d0006fbcbf8/280x425.jpg?fit=scale&background=000000,//specials-images.forbesimg.com/imageserve/5e782dc010380d0006fbcbf8/416x416.jpg?background=000000&cropX1=1160&cropX2=3674&cropY1=0&cropY2=2513,False,"['rank', 'finalWorth', 'personName', 'bios', 'bio']",False,"[""Banthoon Lamsam chairs and runs Kasikorn Bank, or KBank, the nation's second-largest lender with $98 billion in assets. "", 'The bank was founded by his grandfather Choti Lamsam as Thai Farmers Bank in 1945. ', 'Banthoom, a Harvard MBA, took charge from his father in 1992.']","['He owns a Swiss-style wooden chalet in a forest, 350 miles north of Bangkok.']",thailand-billionaires,False,67.0,-536457600000.0,,,
31,Thailand's 50 Richest,2020,4,sathien-setthasit,32,thailand-billionaires,850.0,Food and Beverage,0,"{'name': 'Sathien Setthasit', 'uri': 'sathien-setthasit', 'imageExists': True, 'squareImage': 'https://specials-images.forbesimg.com/imageserve/60d9f3e0e7651c6f086c2abf/416x416.jpg?background=000000&cropX1=962&cropX2=3320&cropY1=209&cropY2=2566'}",True,Sathien Setthasit,Thailand,Bangkok,energy drinks,['Food and Beverage'],Thailand,1617670151501,15,faris/17/2020/196550,32,True,True,D,M,Setthasit,Sathien,Thailand's 50 Richest,1585782000000,False,False,http://specials-images.forbesimg.com/imageserve/60d9f3e0e7651c6f086c2abf/280x425.jpg?fit=scale&background=000000,https://specials-images.forbesimg.com/imageserve/60d9f3e0e7651c6f086c2abf/416x416.jpg?background=000000&cropX1=962&cropX2=3320&cropY1=209&cropY2=2566,False,"['rank', 'finalWorth', 'personName', 'bios', 'bio']",False,"[""Sathien Setthasit runs Carabao Group, maker of Thailand's hugely popular Carabao Dang energy drink. "", 'Sathien founded the company in 2002 with his folk singer pal Aed Carabao and took it public in 2014.', 'Aiming to become a global brand and win over Europeans, Carabao has sponsored English Premier League football club Chelsea.', 'His younger son Romtham is assistant managing director at Carabao, while older son, Veeratham, is deputy managing director of retailer CJ Express.']","['Carabao, which has close to a fourth of the Thai energy drink market, outsells Red Bull in Thailand.', 'Carabao is the title sponsor of the English Football League. ']",,False,65.0,-495504000000.0,,,
32,Thailand's 50 Richest,2020,4,witoon-suriyawanakul,33,thailand-billionaires,815.0,Fashion & Retail,0,"{'name': 'Witoon Suriyawanakul & family', 'uri': 'witoon-suriyawanakul', 'imageExists': True, 'squareImage': '//specials-images.forbesimg.com/imageserve/5cd1c785d606c400081ead8f/416x416.jpg?background=000000&cropX1=177&cropX2=3632&cropY1=508&cropY2=3966'}",True,Witoon Suriyawanakul & family,,,retail,['Fashion & Retail'],Thailand,1625687918583,1,faris/17/2020/194054,33,True,True,D,M,Suriyawanakul,Witoon,Thailand's 50 Richest,1585699200000,False,False,http://specials-images.forbesimg.com/imageserve/5cd1c785d606c400081ead8f/280x425.jpg?fit=scale&background=000000,//specials-images.forbesimg.com/imageserve/5cd1c785d606c400081ead8f/416x416.jpg?background=000000&cropX1=177&cropX2=3632&cropY1=508&cropY2=3966,False,"['rank', 'finalWorth', 'personName', 'bios', 'bio']",False,"['Witoon Suriyawanakul is the founder of Siam Global House, a chain of warehouse building materials and DIY home improvement stores.', 'He has a significant stake with his family in the Roi Et based company, which has grown by relying on provincial consumers.', 'Son of mom-and-pop shopkeepers, Witoon studied civil engineering and got start as a contractor.', 'Witoon resigned as CEO in 2016 after being fined by regulators for insider trading, handing over operations to his brother Anavat.', 'Witoon, who has not commented on the charge, was reappointed as CEO a year later.']",,thailand-billionaires,False,62.0,-378691200000.0,,,
33,Thailand's 50 Richest,2020,4,chartsiri-sophonpanich,34,thailand-billionaires,720.0,,0,"{'name': 'Chartsiri Sophonpanich & family', 'uri': 'chartsiri-sophonpanich', 'imageExists': False, 'squareImage': 'https://specials-images.forbesimg.com/imageserve/60da117f4603e1ab476c2abd/416x416.jpg?background=000000&cropX1=0&cropX2=602&cropY1=0&cropY2=602'}",True,Chartsiri Sophonpanich & family,Thailand,Bangkok,banking,,Thailand,1625687921617,9,faris/17/2020/219180,34,False,False,D,,Sophonpanich,Chartsiri,Thailand's 50 Richest,1585699200000,False,False,http://specials-images.forbesimg.com/imageserve/60da117f4603e1ab476c2abd/280x425.jpg?fit=scale&background=000000,https://specials-images.forbesimg.com/imageserve/60da117f4603e1ab476c2abd/416x416.jpg?background=000000&cropX1=0&cropX2=602&cropY1=0&cropY2=602,False,"['rank', 'finalWorth', 'personName', 'bios', 'bio']",False,"[""Chartsiri Sophonpanich is the president of Bangkok Bank, Thailand's largest lender with 17 million retail customers."", 'His father, Chatri Sophonpanich, was chairman for 18 years until he died in June 2018.\r\n', 'His grandfather, Chin Sophonpanich founded the bank 75 years ago.\r\n', 'The family also has interests spanning property, insurance, transportation, healthcare and construction.\r\n']",['Bangkok Bank was the first Thai bank to be listed on the stock exchange in 1975.'],thailand-billionaires,False,60.0,-335836800000.0,,,
34,Thailand's 50 Richest,2020,4,chaivat-taepaisitphongse,35,thailand-billionaires,660.0,Food and Beverage,0,"{'name': 'Chaivat Taepaisitphongse', 'uri': 'chaivat-taepaisitphongse', 'imageExists': False, 'squareImage': '//specials-images.forbesimg.com/imageserve/5cd1c3b0660f4500083319c4/416x416.jpg?background=000000&cropX1=0&cropX2=290&cropY1=16&cropY2=306'}",True,Chaivat Taepaisitphongse,Thailand,Bangkok,food,['Food and Beverage'],Thailand,1585776781260,1,faris/17/2020/223668,35,False,True,D,M,Taepaisitphongse,Chaivat,Thailand's 50 Richest,1585782000000,False,False,http://specials-images.forbesimg.com/imageserve/5cd1c3b0660f4500083319c4/280x425.jpg?fit=scale&background=000000,//specials-images.forbesimg.com/imageserve/5cd1c3b0660f4500083319c4/416x416.jpg?background=000000&cropX1=0&cropX2=290&cropY1=16&cropY2=306,False,"['rank', 'finalWorth', 'personName', 'bios', 'bio']",False,"['Chaivat Taepaisitphongse chairs agro-food conglomerate, Betagro Group.', 'Betagro was started in 1967 as a producer and distributor of animal feed.', ""The privately held group's products range from livestock to animal feed to branded food products such as eggs and sausages."", ""Chaivat's son, Vasit Taepaisitphongse, is the group's president and chief executive."", 'Food products are sold under the S-Pure, Betagro and Itoham brands.']",,,False,,,,,
35,Thailand's 50 Richest,2020,4,boonchai-bencharongkul,36,thailand-billionaires,640.0,Telecom,0,"{'name': 'Boonchai Bencharongkul & family', 'uri': 'boonchai-bencharongkul', 'imageExists': True}",True,Boonchai Bencharongkul & family,Thailand,Bangkok,"telecom, tech",['Telecom'],Thailand,1657031756762,1,faris/17/2020/4976,36,True,False,D,M,Bencharongkul,Boonchai,Thailand's 50 Richest,1585717260000,False,False,,,False,"['rank', 'finalWorth', 'personName', 'bios', 'bio']",False,"[""Boonchai Bencharongkul is the chairman of Total Access Communications, also known as DTAC, the country's third-largest mobile phone operator. "", 'DTAC is a joint venture with Norwegian telecom firm Telenor Group. ', 'His nephew Pirachai Bencharongkul runs Rakbankerd, an agribusiness outfit that works with farmers.']","['Boonchai owns a private museum, which showcases his collection of contemporary Thai sculptures and artworks.', 'He meditates daily.']",,False,65.0,-494553600000.0,,,False
36,Thailand's 50 Richest,2020,4,pongsak-viddayakorn,37,thailand-billionaires,635.0,Healthcare,0,"{'name': 'Pongsak Viddayakorn', 'uri': 'pongsak-viddayakorn', 'imageExists': True, 'squareImage': '//specials-images.forbesimg.com/imageserve/5ad8eea24bbe6f2310f30e4a/416x416.jpg?background=000000&cropX1=666&cropX2=3323&cropY1=1326&cropY2=3985'}",True,Pongsak Viddayakorn,Thailand,Bangkok,hospitals,['Healthcare'],Thailand,1625687925595,1,faris/17/2020/10235,37,True,True,D,M,Viddayakorn,Pongsak,Thailand's 50 Richest,1585699200000,False,False,http://specials-images.forbesimg.com/imageserve/5ad8eea24bbe6f2310f30e4a/280x425.jpg?fit=scale&background=000000,//specials-images.forbesimg.com/imageserve/5ad8eea24bbe6f2310f30e4a/416x416.jpg?background=000000&cropX1=666&cropX2=3323&cropY1=1326&cropY2=3985,False,"['rank', 'finalWorth', 'personName', 'bios', 'bio']",False,"['Medical doctor Pongsak Viddayakorn, cofounded hospital operator Bangkok Dusit Medical Services with fellow lister Prasert Prasarttong-Osoth.', 'In 2012, he sold his Bangkok Dusit shares to build a property portfolio through listed outfit Principal Capital, overseen by his son Satit. ', 'In 2017, Principal expanded into healthcare with the acquisition of four hospitals in the northern provinces.\r\n\r\n', 'The company is aiming to grow its healthcare network to 20 hospitals by 2023.']","['He supported himself through high school and medical school by selling stationery.', 'Pongsak grew up in the coastal province of Trat, bordering Cambodia and won a scholarship to an elite Bangkok high school.']",thailand-billionaires,False,86.0,-1129075200000.0,,,
37,Thailand's 50 Richest,2020,4,kumpol-plussind,38,thailand-billionaires,610.0,Healthcare,0,"{'name': 'Kumpol Plussind & family', 'uri': 'kumpol-plussind', 'imageExists': True, 'squareImage': 'https://specials-images.forbesimg.com/imageserve/574357b9a7ea4353698e1d26/416x416.jpg?background=000000&cropX1=64&cropX2=703&cropY1=118&cropY2=758'}",True,Kumpol Plussind & family,Thailand,Bangkok,healthcare,['Healthcare'],Thailand,1625687925606,1,faris/17/2020/196621,38,True,True,R,M,Plussind,Kumpol,Thailand's 50 Richest,1585699200000,False,False,http://specials-images.forbesimg.com/imageserve/574357b9a7ea4353698e1d26/280x425.jpg?fit=scale&background=000000,https://specials-images.forbesimg.com/imageserve/574357b9a7ea4353698e1d26/416x416.jpg?background=000000&cropX1=64&cropX2=703&cropY1=118&cropY2=758,False,"['rank', 'finalWorth', 'personName', 'bios', 'bio']",False,"['Medical doctor Kumpol Plussind started out with a small infirmary in the heart of an industrial hub east of Bangkok.', 'His SET-listed Chularat Hospital, is today a chain of nine hospitals and four clinics. ', ""He and his family own a majority stake Chularat Hospital, which has featured in Forbes Asia's ranking of Best Under A Billion companies""]","[""Chularat has sponsored Thailand's women's rugby team.""]",thailand-billionaires,False,69.0,-594604800000.0,,,
38,Thailand's 50 Richest,2020,4,nutchamai-thanombooncharoen,39,thailand-billionaires,590.0,Food and Beverage,0,"{'name': 'Nutchamai Thanombooncharoen', 'uri': 'nutchamai-thanombooncharoen', 'imageExists': False, 'squareImage': '//specials-images.forbesimg.com/imageserve/59272a0231358e03e5598181/416x416.jpg?background=000000&cropX1=135&cropX2=526&cropY1=100&cropY2=492'}",True,Nutchamai Thanombooncharoen,Thailand,Bangkok,energy drinks,['Food and Beverage'],Thailand,1617670511346,9,faris/17/2020/196553,39,False,True,U,F,Thanombooncharoen,Nutchamai,Thailand's 50 Richest,1585782000000,False,False,http://specials-images.forbesimg.com/imageserve/59272a0231358e03e5598181/280x425.jpg?fit=scale&background=000000,//specials-images.forbesimg.com/imageserve/59272a0231358e03e5598181/416x416.jpg?background=000000&cropX1=135&cropX2=526&cropY1=100&cropY2=492,False,"['rank', 'finalWorth', 'personName', 'bios', 'bio']",False,"['Nutchamai Thanombooncharoen is the cofounder and managing director of SET-listed Carabao Group, maker of energy drink Carabao Dang.', ""Nutchamai branched out from her family's financial-services business to team up with cofounder Sathien Sethasit for a property venture."", 'In 2002, they partnered with popular folk singer Aed Carabao for a foray into energy drinks.', 'Top international markets for Carabao include Cambodia, China, Myanmar, Vietnam and Afghanistan.']","['Before Carabao, Nutchamai set up Tawandang German Brewery, a microbrewery and restaurant, in 1999 with Sathien.', 'She co-owns Tawandang Distillery, which makes rice whisky.']",,False,58.0,-250560000000.0,,,
39,Thailand's 50 Richest,2020,4,wirachai-songmetta,40,thailand-billionaires,585.0,Energy,0,"{'name': 'Wirachai Songmetta', 'uri': 'wirachai-songmetta', 'imageExists': False, 'squareImage': '//specials-images.forbesimg.com/imageserve/5e7cd8fd21695a000666cccf/416x416.jpg?background=000000&cropX1=834&cropX2=4573&cropY1=8&cropY2=3744'}",True,Wirachai Songmetta,Thailand,Bangkok,energy,['Energy'],Thailand,1625687918577,4,faris/17/2020/226591,40,False,True,N,M,Songmetta,Wirachai,Thailand's 50 Richest,1585699200000,False,False,http://specials-images.forbesimg.com/imageserve/5e7cd8fd21695a000666cccf/280x425.jpg?fit=scale&background=000000,//specials-images.forbesimg.com/imageserve/5e7cd8fd21695a000666cccf/416x416.jpg?background=000000&cropX1=834&cropX2=4573&cropY1=8&cropY2=3744,False,"['rank', 'finalWorth', 'personName', 'bios', 'bio']",False,"['Former top cop Wirachai Songmetta gets his wealth from SET-listed Absolute Clean Energy, a renewable energy producer.', 'Absolute Clean Energy operates 19 biomass power projects with a combined capacity of 246 megawatts. ', 'Wirachai had interests in distributing hardboard and wood chips before he set up the business. He took it public in 2019.', 'Wirachai graduated from the Police Academy, completed his Ph.d., and climbed the ranks to deputy commissione; he stepped down in September 2020.', 'His ex-wife chairs the company while two of his three sons have board seats.']","['Wirachai has said his future goal is to become a monk.', 'The company has 17 projects with a combined capacity of 204 megawatts under development.']",thailand-billionaires,False,58.0,-258854400000.0,,,
40,Thailand's 50 Richest,2020,4,nishita-shah,41,thailand-billionaires,580.0,Finance and Investments,0,"{'name': 'Nishita Shah & family', 'uri': 'nishita-shah', 'imageExists': False, 'squareImage': '//specials-images.forbesimg.com/imageserve/5e865dba919b880007a403a1/416x416.jpg?background=000000&cropX1=328&cropX2=2936&cropY1=290&cropY2=2898'}",True,Nishita Shah & family,Thailand,Bangkok,"shipping, pharmaceuticals",['Finance and Investments'],Thailand,1625687918671,11,faris/17/2020/8431,41,False,False,D,F,Shah,Nishita,Thailand's 50 Richest,1585699200000,False,False,http://specials-images.forbesimg.com/imageserve/5e865dba919b880007a403a1/280x425.jpg?fit=scale&background=000000,//specials-images.forbesimg.com/imageserve/5e865dba919b880007a403a1/416x416.jpg?background=000000&cropX1=328&cropX2=2936&cropY1=290&cropY2=2898,False,"['rank', 'finalWorth', 'personName', 'bios', 'bio']",False,"[""Nishita Shah is the managing director of her family's 152-year-old GP Group."", 'The group flagship is shipping firm Precious Shipping, set up in 1989. ', ""The family's biggest asset today is pharma firm Mega Lifesciences, founded by her father, Kirit."", 'Other assets include a stake in SET- listed Golden Lime, a manufacturer of calcium oxide and calcium hydroxide.']","['GP Group has roots in rice trading and was headquartered in Myanmar, then Burma.\r\n', 'Shah was a judge in the Thai version of reality television show Shark Tank.']",thailand-billionaires,False,39.0,328320000000.0,,,
41,Thailand's 50 Richest,2020,4,kraisorn-chansiri,42,thailand-billionaires,575.0,Food & Beverage,0,"{'name': 'Kraisorn Chansiri & family', 'uri': 'kraisorn-chansiri', 'imageExists': True, 'squareImage': '//specials-images.forbesimg.com/imageserve/5cd1dc2b660f450008331b0a/416x416.jpg?background=000000&cropX1=87&cropX2=464&cropY1=0&cropY2=377'}",True,Kraisorn Chansiri & family,Thailand,Bangkok,frozen food,['Food & Beverage'],Thailand,1623310123626,2,faris/17/2020/7990,42,True,True,D,M,Chansiri,Kraisorn,Thailand's 50 Richest,1585782000000,False,False,http://specials-images.forbesimg.com/imageserve/5cd1dc2b660f450008331b0a/280x425.jpg?fit=scale&background=000000,//specials-images.forbesimg.com/imageserve/5cd1dc2b660f450008331b0a/416x416.jpg?background=000000&cropX1=87&cropX2=464&cropY1=0&cropY2=377,False,"['rank', 'finalWorth', 'personName', 'bios', 'bio']",False,"[""Kraisorn Chansiri chairs $4.2 billion (revenue) Thai Union Group, the world's biggest producer of canned tuna."", 'The company, run by his eldest son Thiraphong, reported a record $200 million in net profit for 2020.', ""The U.S. and Europe account for 71% of the company's annual sales. "", 'The company has a $30 million venture fund to invest in food-tech companies. It has invested in BlueNalu, a cell-based seafood company in California.']","[""Kraisorn worked as a Chinese-language teacher and a trader in rice, liquor and garments before he won a fish broker's license."", 'He cofounded Thai Union in 1977 when he bought a small tuna cannery with his brother and friends.']",thailand-billionaires,False,84.0,-1093132800000.0,,,
42,Thailand's 50 Richest,2020,4,maleenont-family,43,thailand-billionaires,530.0,Media & Entertainment,0,"{'name': 'Maleenont Family', 'uri': 'maleenont-family', 'imageExists': False, 'squareImage': '//specials-images.forbesimg.com/imageserve/5cd1ded5fd0cc4000870d199/416x416.jpg?background=000000&cropX1=596&cropX2=2692&cropY1=0&cropY2=2094'}",True,Maleenont Family,Thailand,Bangkok,media,['Media & Entertainment'],Thailand,1625703757182,3,faris/17/2020/223802,43,False,False,D,,Maleenont,Family,Thailand's 50 Richest,1585699200000,False,False,http://specials-images.forbesimg.com/imageserve/5cd1ded5fd0cc4000870d199/280x425.jpg?fit=scale&background=000000,//specials-images.forbesimg.com/imageserve/5cd1ded5fd0cc4000870d199/416x416.jpg?background=000000&cropX1=596&cropX2=2692&cropY1=0&cropY2=2094,False,"['rank', 'finalWorth', 'personName', 'bios', 'bio']",False,"['The Maleenont family consists of the heirs of media baron Vichai Maleenont, who died in October 2018 at age 98.\r\n', 'They inherited a 43% stake in BEC World, known for its Channel 3. ', ""The company is chaired and run by the late Vichai's younger son Prachum. "", 'Fve members of the Maleenont family sit on the board of BEC World.']",,thailand-billionaires,False,,,,,
43,Thailand's 50 Richest,2020,4,mongkol-prakitchaiwatthana,44,thailand-billionaires,525.0,,0,"{'name': 'Mongkol Prakitchaiwatthana', 'uri': 'mongkol-prakitchaiwatthana', 'imageExists': False}",True,Mongkol Prakitchaiwatthana,,,investments,,Thailand,1625687921663,1,faris/17/2020/230634,44,False,False,N,M,Prakitchaiwatthana,Mongkol,Thailand's 50 Richest,1585699200000,False,False,,,False,"['rank', 'finalWorth', 'personName', 'bios', 'bio']",False,"['Low profile investor gets a chunk of his fortune from a valuable stake in listed Krungthai Card. ', 'He is the second largest shareholder after Krungthai Bank, which holds 49%.', ""Mongkol's other investments include stakes in Do Day Dream, Beauty Community, Raimon Land and Taokaenoi Food & Marketing.""]",,thailand-billionaires,False,,,,,
44,Thailand's 50 Richest,2020,4,siripong-rungrojkitiyos,45,thailand-billionaires,520.0,Automotive,0,"{'name': 'Siripong Rungrojkitiyos', 'uri': 'siripong-rungrojkitiyos', 'imageExists': True, 'squareImage': '//specials-images.forbesimg.com/imageserve/5564f297e4b0bacdbd755615/416x416.jpg?background=000000&cropX1=2&cropX2=744&cropY1=5&cropY2=748'}",True,Siripong Rungrojkitiyos,,,auto parts,['Automotive'],Thailand,1585776784465,1,faris/17/2020/195129,45,True,True,D,M,Rungrojkitiyos,Siripong,Thailand's 50 Richest,1585782000000,False,False,http://specials-images.forbesimg.com/imageserve/5564f297e4b0bacdbd755615/280x425.jpg?fit=scale&background=000000,//specials-images.forbesimg.com/imageserve/5564f297e4b0bacdbd755615/416x416.jpg?background=000000&cropX1=2&cropX2=744&cropY1=5&cropY2=748,False,"['rank', 'finalWorth', 'personName', 'bios', 'bio']",False,"['Siripong Rungrojkitiyos is the founder of P.C.S. Machine Group Holding, an auto parts maker specializing in power trains.', 'The company counts Toyota, General Motors and Isuzu among its customers.', 'He started the company in 1986 by borrowing the equivalent of $250,000.', ""His wife and 3 sons sit on the company's board.""]","['The initials P.C.S are derived from PongSaiChak, a company Siripong founded early in his career.', ""Siripong is a keen golfer and has a golf course next to the company's factory in the northeast.""]",,False,69.0,-599616000000.0,,,
45,Thailand's 50 Richest,2020,4,chalerm-harnphanich,46,thailand-billionaires,510.0,Healthcare,0,"{'name': 'Chalerm Harnphanich', 'uri': 'chalerm-harnphanich', 'imageExists': True, 'squareImage': '//specials-images.forbesimg.com/imageserve/5cd1db7afd0cc4000870d180/416x416.jpg?background=000000&cropX1=234&cropX2=3245&cropY1=315&cropY2=3328'}",True,Chalerm Harnphanich,Thailand,Bangkok,hospitals,['Healthcare'],Thailand,1625687921574,1,faris/17/2020/193100,46,True,True,D,M,Harnphanich,Chalerm,Thailand's 50 Richest,1585699200000,False,False,http://specials-images.forbesimg.com/imageserve/5cd1db7afd0cc4000870d180/280x425.jpg?fit=scale&background=000000,//specials-images.forbesimg.com/imageserve/5cd1db7afd0cc4000870d180/416x416.jpg?background=000000&cropX1=234&cropX2=3245&cropY1=315&cropY2=3328,False,"['rank', 'finalWorth', 'personName', 'bios', 'bio']",False,"['Physician Chalerm Harnphanich owns a substantial stake in listed Bangkok Chain Hospital.', 'Chalerm runs the company together with his wife Somporn, daughters Pornluck and Pornsuda and son Kantaporn. ', 'Bangkok Chain has a dozen hospitals in all with 2,245 beds.', 'Chalerm is preparing to open a new hospital in Vietnam in 2020.']",['He got his start in 1984 with the 60-bed Kasemrad hospital in Bangkok.'],thailand-billionaires,False,67.0,-536457600000.0,,,
46,Thailand's 50 Richest,2020,4,worawit-weeraborwornpong,47,thailand-billionaires,500.0,Energy,0,"{'name': 'Worawit Weeraborwornpong', 'uri': 'worawit-weeraborwornpong', 'imageExists': True, 'squareImage': '//specials-images.forbesimg.com/imageserve/5ad8ed484bbe6f2310f30e16/416x416.jpg?background=000000&cropX1=268&cropX2=1895&cropY1=224&cropY2=1853'}",True,Worawit Weeraborwornpong,Thailand,Bangkok,gas,['Energy'],Thailand,1625687926892,1,faris/17/2020/10083,47,True,True,D,M,Weeraborwornpong,Worawit,Thailand's 50 Richest,1585699200000,False,False,http://specials-images.forbesimg.com/imageserve/5ad8ed484bbe6f2310f30e16/280x425.jpg?fit=scale&background=000000,//specials-images.forbesimg.com/imageserve/5ad8ed484bbe6f2310f30e16/416x416.jpg?background=000000&cropX1=268&cropX2=1895&cropY1=224&cropY2=1853,False,"['rank', 'finalWorth', 'personName', 'bios', 'bio']",False,"[""Worawit Weeraborwornpong is the chairman of Siamgas & Petrochemicals, Thailand's second-largest LPG distributor."", 'Siamgas has a presence overseas, notably in Vietnam, China and Singapore with joint ventures in Indonesia and Myanmar.', ""The family's property business, which has such assets as the 788-room Berkeley Hotel Pratunam in Bangkok, is overseen by his daughter Patcharawadee.""]","['Son of a shophouse owner, who sold charcoal, rice, Worawit founded Siam Gas Industries in 1973.', ""His son Supachai is the company's managing director.""]",thailand-billionaires,False,75.0,-788918400000.0,,,
47,Thailand's 50 Richest,2020,4,jareeporn-jarukornsakul,48,thailand-billionaires,480.0,Real Estate,0,"{'name': 'Jareeporn Jarukornsakul', 'uri': 'jareeporn-jarukornsakul', 'imageExists': False, 'squareImage': 'https://specials-images.forbesimg.com/imageserve/60da17d1d40a72d6d56c2abd/416x416.jpg?background=000000&cropX1=215&cropX2=729&cropY1=18&cropY2=532'}",True,Jareeporn Jarukornsakul,Thailand,Bangkok,logistics,['Real Estate'],Thailand,1625687926854,15,faris/17/2020/199759,48,False,True,D,F,Jarukornsakul,Jareeporn,Thailand's 50 Richest,1585699200000,False,False,http://specials-images.forbesimg.com/imageserve/60da17d1d40a72d6d56c2abd/280x425.jpg?fit=scale&background=000000,https://specials-images.forbesimg.com/imageserve/60da17d1d40a72d6d56c2abd/416x416.jpg?background=000000&cropX1=215&cropX2=729&cropY1=18&cropY2=532,False,"['rank', 'finalWorth', 'personName', 'bios', 'bio']",False,"[""Jareeporn Jarukornsakul is cofounder and chairman of WHA, Thailand's leading warehousing and logistics firm.\r\n"", ""Jareeporn has been running the company since 2015. In 2017, she listed WHA's renewable energy arm, WHA Utilities & Power. "", 'WHA is setting up an e-commerce park for several e-commerce giants, including, reportedly, for Alibaba.', ""WHA has a joint-venture with Gulf, Mitsui, and Tokyo Gas for natural gas distribution in three of the group's industrial estates."", 'In November 2019, she was appointed to the board of Siam Commercial Bank.']","['In 2015 she was listed with her then-husband Somyos Anantaprayoon but after their divorce they dropped out as their fortune was divided. ', ""Somyos died in February 2018, passing on his shares to their only daughter, whose inheritance is grouped with Jareeporn's assets.""]",thailand-billionaires,False,52.0,-77414400000.0,,,
48,Thailand's 50 Richest,2020,4,pete-bodharamik,49,thailand-billionaires,465.0,Telecom,0,"{'name': 'Pete Bodharamik', 'uri': 'pete-bodharamik', 'imageExists': True, 'squareImage': '//specials-images.forbesimg.com/imageserve/ddffe383b7e80bad3733da074e2c3272/416x416.jpg?background=000000&cropX1=60&cropX2=464&cropY1=266&cropY2=670'}",True,Pete Bodharamik,Thailand,Bangkok,telecom,['Telecom'],Thailand,1657031759655,1,faris/17/2020/14202,49,True,False,D,M,Bodharamik,Pete,Thailand's 50 Richest,1585717260000,False,False,http://specials-images.forbesimg.com/imageserve/ddffe383b7e80bad3733da074e2c3272/280x425.jpg?fit=scale&background=000000,//specials-images.forbesimg.com/imageserve/ddffe383b7e80bad3733da074e2c3272/416x416.jpg?background=000000&cropX1=60&cropX2=464&cropY1=266&cropY2=670,False,"['rank', 'finalWorth', 'personName', 'bios', 'bio']",False,"[""Telecom magnate Pete Bodharamik controls Jasmine International, Thailand's second-largest broadband service provider.<br>"", 'The company was started by his father in 1982 but got thrown into bankruptcy after the 1997 financial crisis.\r\n', 'He took over Jasmine in 2008, reviving the company with a broadband push into underserved provinces.\r\n', 'He also chairs Mono Technology, operator of digital TV channel, Mono29.']","['In 2015 he bid a record $2 billion for 4G spectrum but failed to to secure funds to pay for it.', ""A fitness buff, Bodharamik posts his weight and that of Jasmine's top executives in a corner of the company dining room for all to see.""]",,False,47.0,89164800000.0,,,False
49,Thailand's 50 Richest,2020,4,chansamorn-wattanavekin,50,thailand-billionaires,460.0,Finance and Investments,0,"{'name': 'Chansamorn Wattanavekin & family', 'uri': 'chansamorn-wattanavekin', 'imageExists': True, 'squareImage': '//specials-images.forbesimg.com/imageserve/5cd1dcd8f68bc400088ede42/416x416.jpg?background=000000&cropX1=0&cropX2=744&cropY1=114&cropY2=858'}",True,Chansamorn Wattanavekin & family,Thailand,Bangkok,"Sugar, banking",['Finance and Investments'],Thailand,1585776784570,1,faris/17/2020/195006,50,True,False,D,F,Wattanavekin,Chansamorn,Thailand's 50 Richest,1585782000000,False,False,http://specials-images.forbesimg.com/imageserve/5cd1dcd8f68bc400088ede42/280x425.jpg?fit=scale&background=000000,//specials-images.forbesimg.com/imageserve/5cd1dcd8f68bc400088ede42/416x416.jpg?background=000000&cropX1=0&cropX2=744&cropY1=114&cropY2=858,False,"['rank', 'finalWorth', 'personName', 'bios', 'bio']",False,"['Chansamorn Wattanavekin chairs the storied Kiatnakin Group, founded by husband Kiat Wattanavekin, who died in 2013 at the age of 105.', 'Her oldest son Supol is the chairman of Kiatnakin Bank.', ""The family's other key holdings include privately owned Eastern Sugar."", 'The family also has a stake in listed property firm Erawan Group along with sugar rival Isara Vongusolkit.']",,,False,92.0,-1330732800000.0,,,
